{"cameraMode":{"drawMode":0,"name":"Shaded","section":"Shading Mode"},"sceneLighting":true,"audioPlay":false,"sceneViewState":{"m_AlwaysRefresh":false,"showFog":true,"showSkybox":true,"showFlares":true,"showImageEffects":true,"showParticleSystems":true,"showVisualEffectGraphs":true,"m_FxEnabled":false},"in2DMode":false,"pivot":{"x":0.36920714378356936,"y":-0.13091714680194856,"z":0.3231384754180908},"rotation":{"x":-0.040549829602241519,"y":-0.11008767783641815,"z":0.0044958097860217098,"w":-0.9930899143218994},"size":1.207395076751709,"orthographic":false}